Search,Search Count,Last Search Date
"KE KHAI TAI SAN",3,131641013854604433
"ban giao",2,131638490445417933
"ke khai",1,131641014071091846
"ke khai ",1,131640845026577788
"bangiao",1,131638477972419614
"tong ket thi dua",1,131638475650676466
"CHUC NANG",1,131638336455482950
"CHUC NANG PHONG",1,131638335189248374
"thi dua gd",1,131638319567244352
"mtcv",1,131638280063139718
"mo ta cong viec",1,131638278593726806
"danh muc ho",1,131637418023140813
"100 qu",1,131625520410967467
"quyet toan",1,131625465102256908
"quyet dinh thanh lap",1,131625451921120265
"ban giao lanh dao",1,131625410900192621
